Nama Reviewer,Lokasi Reviewer,Tanggal Mereview,Rating,Ulasan,Nama Hotel
Citra,,April 2023,1.0,"Stayed for 3 days, with my fam for eid mubarak season at istana savage.
the place is near from jakarta and nice view as well.
but what i dont like is the rules:
- extra person eventhough only stay for few hours,we had to pay IDR 190.000 each. (5 starts hotel or ritz carlton residences,never charge for visitor)
- max 16 person (even toddler 2 yrs old they count as 1)
- for the water (Aqua) its not compliment.. refill charge IDR 30.000..
- the playground area (indoor),,not really clean.. a lot of bugs,and very hot without AC.. and the toys mostly broken.
- Karaoke its works.. but useless,they didnt provide a MIC.
- there's a timer for living room.. 
- AND they told us (the staff) to clean the kitchen before check out, to do clean the stuff and so on. 
even dont let it a single dirty dish in the dishwasher,bcs a new guest will come.. (its like they give me a lot of rules condition to stay + we hv to help to clean or help their job)
for me.. there's was not flexibility and too commercil",Istana Savage - stunning private secluded retreat
Sekar,,September 2022,1.0,"The villa is really nice, big and very well equipped for the kids as well as the family. Highly recommended, because of the strategic location and cool air.",Istana Savage - stunning private secluded retreat
Yuven,,Juni 2023,2.0,"1. The fridge didn't cool. Eventually we had to use staff's fridge at the back. It was already 75% full so we could only shared the remaining space.
2. Indihome setup in the master bedroom was barely working (we called the staff to help reset few times until we gave up on it).
3. The worst. On Day 2, the ACs in 2 bedrooms won't turn on! So my parents and my aunt+uncle had to sleep without AC. With such hot weather, this was horrible! My dad eventually decided to sleep outside in the balcony (with the mosquitos).
With the good reviews, I had my expectation high & was excited to invite my family over to celebrate my son’s bday. I ended up feeling bad and very sorry for them to experience such troubles. Also imagine the frustation having to call for help every few hours and had staff in and out.
To be fair, the staffs were responsive. But for whatever reason, it doesn’t change the fact that things (which were rather basic needs) were faulty. We hope this won't happen to other guests",Istana Savage - stunning private secluded retreat
Iwan,,Juni 2022,2.0,"Villa comfortable,  clean,  spacious, Complete facilities. For the staff is not friendly,  jutek, it  is not suitable for services in the hospitality industry.  Check-out time is too early,  usually 12: 00pm - 1: 00pm because check-in time must also be after 2: 00pm. Guests who are getting ready to check out are like being hunted because they are in the cottage. It gets uncomfortable because we feel like we're being kicked out.  For an additional charge of people is too expensive. The extra charge of drinking water gallons is expensive, is the gallon in full condition we also don't know.  Broken glass replacement is expensive even though the glass is broken by accident.  We're disappointed with the service",Istana Savage - stunning private secluded retreat
Susanti,,Agustus 2021,2.0,"in this villa we are not free because the manager is there and lives with us, the villa regulations are also strict and we as tenants feel not free and constrained.",Istana Savage - stunning private secluded retreat
Carissa,,September 2025,3.0,"Check in early, 12.30 .. but check out was also in a hurry, from 10.30 the cleaning lady had arrived to clean, and the towels we wanted to use because we hadn't showered had been taken to be washed so it made it uncomfortable, the dish rack wasn't good, we helped wash the glasses the place was fragile so the glasses broke 2, and we had to change them.. 
The karaoke place is upstairs so we can't be together, it should be downstairs so we can gather as a family while karaoke .. 
The place is clean, nice as in the photos, but in the morning when I woke up there were a lot of cat droppings so it smelled like the plants next to the swimming pool 
Playground for kids is nice and clean and cool with air conditioning",Istana Savage - stunning private secluded retreat
Chang Su,,Desember 2024,3.0,"This is the second house I use. Again, I had a comfortable stay and went back.",Istana Savage - stunning private secluded retreat
Nadia,,September 2024,3.0,"The villa was spacious, clean and there was playing room for children, suitable for family staycation, its located in a private neighborhood. I really like it, however there were some miscommunication regarding the rules, We were celebrating my mom’s birthday with families and close friends and the number of people who came are exceeded the maximum capacity that are allowed by the Villa so some of us decided to leave to reduce the number of people, also John did tell me that the rate that I paid was for maximum of 16 people and there is going to be additional charge for every additional person, but I thought it was for the people who are spending the night at the villa not people who are just coming for the birthday dinner we held for my mom, so I paid the extra charge even tho the people who are spending the night there not more than 16 pax. I wish John and Aufa (the villa manager) communicate it better next time beforehand.",Istana Savage - stunning private secluded retreat
Riska,,Mei 2024,3.0,"This villa over is too expensive if we would like stay more than 16 people (include toodlers).
They have rule that additional charge 190K/person even we bring many toodlers to staying.
So, this villa doesn’t worth it if we will stay with many people (include kids or toodler).",Istana Savage - stunning private secluded retreat
Dian,,Oktober 2019,3.0,Villa is ok ...too many rules! Wkt check out by 11 is not in accordance with other villas in general..and what is very disappointing is that there is 1 glass that is a little cracked but we are charged for 1 glass of 45 thousand??!!! It's too much!!!,Istana Savage - stunning private secluded retreat
Diana,,Oktober 2018,3.0,"Stayed at villa savage on 19-20 Oct 2018. Nice place, full furnished, nice swimming pool but too commercil, there was not flexibility.
We arrived villa at 21:30 and for extra person eventhough only stay 1 hour had to pay IDR190,000 each. For normal capacity 16 persons, there are no enough towel and blanket.
We did not refill the aqua but when check out, we were charged for IDR30,000 (it’s no compliment).
Karaore, barbeque grill, microwave were not working.
Anyone who plan to stay in this villa, make sure to bring own toiletry.",Istana Savage - stunning private secluded retreat
Yulianti,,September 2018,3.0,"Villa was amazing. My first impression was excellent. But then i was surprised when the villa mgr text me that we need to pay for extra charged, 190.000 per person. My mistake was did not read the house rules clearly. But still, 190.000 for extra person is too expensive. It’s not that we are going to have an extra room for that additional fee. And they will still charge for the extra person even though the person will not stay at the villa. At the end they did not charge me for a friend that did not stay over at the villa. I told them that one of my colleague is pregnant and her husband is on the way to pick her up. But logically, even if i stay in 5 stars hotel. They will not charge me for a guest that come to visit me to the room no? We were enjoying the villa ‘till some rules made us a little bit uncomfortable. Just a suggestion, it would be nicer if additional fee for extra person is being waived.. anyhow, this is not my first time booked a villa on airbnb and never had a problem with this. As our consideration is we booked the entire villa, not as per person counted. And if we tried to book on the web, 16 pax is for the maximum guest that we could put while we want start or seeking for a villa. Additional price at that amount would be acceptable if the host could give us more facilities. It would be still make sense. And, they charged us 85.000 for a standard collins glass. Too pricey. Even if it’s IKEA, i know how much the real cost of one collins glass.",Istana Savage - stunning private secluded retreat
Binsar,,Juni 2016,3.0,The place is great. great for family gatherings.,Istana Savage - stunning private secluded retreat
Tantri,,Desember 2024,4.0,Good place to staycation with family and friends,Istana Savage - stunning private secluded retreat
Sebastianus Adi,,Desember 2023,4.0,"Everything was good, ok and satisfied about the place.
One feedback, for all the TV at 1st floor, the remote was not too sensitive.",Istana Savage - stunning private secluded retreat
Heejung Annie,,September 2023,4.0,"There are many dining tables or cutlery for large family gatherings, and the ping pong table, trampoline, playroom, media room, and kitchen are well stocked for adults and children.",Istana Savage - stunning private secluded retreat
Regina,,Desember 2024,4.0,"the villa was great
the pool was big and clean.
kitchen provided with complete cooking supply. a lot fun activities to do
there was a maid/helper room which is one way connected to the villa. they can enter the villa meanwhile we can not lock it from inside. it bit make us uncomfortable. karaoke room probided with giant screen but only can use until 10pm.  they will charge extra person even for children above 2yrs. 
over all its nice villa to stay.",Istana Savage - stunning private secluded retreat
Lianah,,Februari 2024,4.0,the old stove is hot so the old cooking is cooked,Istana Savage - stunning private secluded retreat
Jeremia,,Juni 2023,4.0,nice,Istana Savage - stunning private secluded retreat
Primananda,,Juni 2023,4.0,"It's nice to stay here.. It's so exciting.. But the pool is very deep.. Amenities as advertised.. Super fully equipped kitchen.. Clean in general even though there are some cobweb spots.. Quite a lot of ants, be careful to keep food in an open space",Istana Savage - stunning private secluded retreat
Fernisia,,Agustus 2025,5.0,"fantastic! the host team was helpful and easy to contact. all the recreational stuff like trampoline, swimming pool, table tennis, grill, karaoke were splendid!",Istana Savage - stunning private secluded retreat
Bambi,,Agustus 2025,5.0,The experience was so nice. the staff was very helpful. The place is great for a family gathering and staycation. will come back.,Istana Savage - stunning private secluded retreat
Candrawani,,Juni 2025,5.0,"Some comments and feedback about the place:
1. The kitchen utensils are superb and in good condition (except rice cooker and stoves fire can’t be adjusted). I love cooking, so their kitchen facility is like heaven to me :D
2. There are housekeepers staying together at the annex, and ready to help. So I felt even safer and relaxed.
3. The beds are not suitable for toddler and baby as they are relatively high and no baby cot around. Fortunately they have karaoke room with mattresses.
4. Love the children room, it is like mini gym.
In overall, we love the place and recommends it to our relatives and friends.",Istana Savage - stunning private secluded retreat
Kristiana Linda,,Juni 2025,5.0,"Even though our stay was brief (one night only), this space was truly beyond our expectation. The available amenities & facilities were very modern, complete & fulfilling. 
We enjoyed & appreciated the private atmosphere.
Would love to be back again sometime.",Istana Savage - stunning private secluded retreat
Sinta,,Juni 2025,5.0,"Overall the villa is well maintained and clean. For family events, the home facilities, especially the kitchen, are very complete. 
It's just that there are quite a lot of statue accessories because there are a lot of small children, it's scary if it's broken.
Suggestion: it would be better to have an additional air conditioning unit in the dining area (because people often gather in that area, but when you try to open the door / window it's still hot) even though there is an air conditioning unit in the living room, the cold doesn't reach the dining room.
still lovely stay at your villa.",Istana Savage - stunning private secluded retreat
Omar,,Juni 2025,5.0,"Thank you, John",Istana Savage - stunning private secluded retreat
Angel,,Mei 2025,5.0,"My big family and I stayed at John's for 3 days, we had fun staying there with all the complete facilities. We love the kitchen and all the utensils that come with it. The pool was also amazing, even the playroom.",Istana Savage - stunning private secluded retreat
Resti,,Mei 2025,5.0,"Definitely on top of our great villas to stay list. There’s activity for everyone from swimming pool, karaoke, children’s playroom, tennis table, and of course the huge kitchen! The grandmas are having so much fun cooking during our stay. The villa is spotless, staffs are very helpful. Also you can see alpacas from the patio if you look closely.",Istana Savage - stunning private secluded retreat
Stance,,Februari 2024,1.0,"The owner is very bad, for a 5 stay only given access. Very uncomfortable with having to pick up and drop off we have 5 because access up and enter the unit is only 1. Then the unit is dirty that has confirmed the old stains in the refrigerator but it's even wrong of the tenant :). There is also a slow response damage. The shower main bathroom can't be used, the dishwashing water faucet has been shaken. The owner is also not the type to provide a solution but he who has him is more offering to come out now as if he doesn't want to be completed :)",Ciputra World The Via 3BR Garden & Pool View -130m
Glen,,Desember 2024,1.0,"The air con and TV not working, most doors are either cannot close or handle spoilt. Toilet sink clog. Host never response to our problems",Ciputra World The Via 3BR Garden & Pool View -130m
Yuanita,,Agustus 2022,1.0,"The cleanliness of the Apartment is less, there are used items that may be left behind from the previous visitors (wet clothes, used tissues). Ice Cabinets smell great. The sink still has leftovers from the previous visitors. Lots of Big Ants on the Floor. Aqua gallon is empty.",Ciputra World The Via 3BR Garden & Pool View -130m
Stuart,,Agustus 2024,2.0,"Sorry,  pictures don't reflect the aging place, the apartment needs renovating as it's not the cleanest as has peeling wall paper everywhere - bathrooms are not nice. Unfortunately,  the swimming pool was in maintenance and could not be used for our stay cation - we should have know about this as it is what we planned to do, and it's highly featured - we actually chose the place because of this - Overall, very disappointed",Ciputra World The Via 3BR Garden & Pool View -130m
Henk,,Januari 2024,2.0,"Location very good Cleanliness and maintenance far below arrow.
Upon arrival there was self check-in., right on arrival it was noticeable that the apartment was very dirty and necessary for maintenance., wallpaper was loose in several places, curtains were broken and difficult to lock, doors were in poor condition and stuck almost everywhere. In addition, things were unusable, such as washing machine, TV bedroom, pans and other cooking utensils were in a bad condition and almost unusable, despised that on the beds, was dirty and didn't seem to be changed, there was nothing else we could exchange it with. 
Shower rooms were dirty and very poor or not cleaned at all, towels 1 to 2 provided. We had booked for 6 people!
From this disappointment, we sent the Sherly, the host, a message with our complaints. 
Although there was an hour of response time, they didn't respond. Because it took too long, we're just going to do some shopping.",Ciputra World The Via 3BR Garden & Pool View -130m
Emanuel,,Agustus 2025,3.0,"A good accommodation for a few nights, especially since you can use the pool of the residential complex. Unfortunately, it was not very clean, it did not smell good and the walls had many stains.",Ciputra World The Via 3BR Garden & Pool View -130m
Marianto,,Februari 2024,3.0,This place is actually good but needs improvements,Ciputra World The Via 3BR Garden & Pool View -130m
Vinda,,Desember 2022,3.0,"Great location, great pool and park, the security is very helpful. But the house need to be maintain, esp the bathroom and the kitchen.",Ciputra World The Via 3BR Garden & Pool View -130m
Sarah ,,Oktober 2022,3.0,"Poor communication, Check in was very complicated due to the fact the owner didn’t tell anybody in the reception we were due to arrive. Room still had plastic bags of food from previous owners there. Wifi password was wrong and lastly no toilet paper. I wouldn’t recommend",Ciputra World The Via 3BR Garden & Pool View -130m
Yansen,,Mei 2025,4.0,"I stayed here for one day, and overall everything was as shown in the photos. However, I was a bit disappointed because I was delayed checking in—the place was still being cleaned when I was supposed to be able to enter. Also, the listing mentioned a bathtub, but there wasn’t one. It would be helpful to improve the accuracy of the description. Additionally, please provide more detailed information about the check-in process, especially if it’s via the parking area at 3A. There are many towers in that area, which can be confusing for first-time visitors. Thank you",Ciputra World The Via 3BR Garden & Pool View -130m
Vergian,,Desember 2024,4.0,"Good location and superb floor, easy to acces swimming pool and garden, the view all around garden.. looks like landed house than apartment..",Ciputra World The Via 3BR Garden & Pool View -130m
Henri,,Desember 2024,4.0,Good place but you need to improve your cleanliness because the floor sticky and dirty so i need to mop the floor. And I found dry rice on the blanket of one of the room.,Ciputra World The Via 3BR Garden & Pool View -130m
Elia,,Juli 2024,4.0,"the place is okee big bgt, the tv and the equipment is complete, the location is to the mall cw
there is only mold growing at the bathroom door of the main room",Ciputra World The Via 3BR Garden & Pool View -130m
Heidi,,Juni 2024,4.0,"the apartment is spacious, clean, nice, the facilities are complete. recommended! 👍👍👍😊",Ciputra World The Via 3BR Garden & Pool View -130m
Chika,,Mei 2024,4.0,"Overall it was a good stay, but i think some things needs to be improved, such as:
Sherly needs to be more proactive to the guests about the basic needs. For example, we won’t be able to connect to wifi if we didn’t ask for the password. Even after we asked, she still gave us the wrong one, so it took us quite some times to connect.
The TV also not working. If we didn’t ask, she won’t tell us. The parking card as well, we have to pay for the first day parking because we only got the card on the 2nd day after we asked. 
The place was nice, but i think Sherly needs to be more proactive, overcommunicating things for the guests so the stays will be more comfortable.
D Travellers",Ciputra World The Via 3BR Garden & Pool View -130m
Ella,,September 2025,5.0,"nice, clean and spacious apartment for family.",Ciputra World The Via 3BR Garden & Pool View -130m
Hendri,,September 2025,5.0,"The apartment is nice and very spacious. The bed is a King Koil, the sheets are clean and odorless. But unfortunately it's poorly maintained because the interior needs a little improvement and the cleanliness is not detailed.
Overall Worth it and will come back again. Thank you.",Ciputra World The Via 3BR Garden & Pool View -130m
Rengga Eko,,Agustus 2025,5.0,very satisfied staying here.. and can have private parking too... exceeded my expectations..,Ciputra World The Via 3BR Garden & Pool View -130m
Franky Hendrawan Jaya,,Agustus 2025,5.0,"The response was quick, the service from the beginning to the exit in the guide ..the room was okay..",Ciputra World The Via 3BR Garden & Pool View -130m
Grace,,Agustus 2025,5.0,Sherly is very accommodative and responsiv,Ciputra World The Via 3BR Garden & Pool View -130m
Ardiana,,Agustus 2025,5.0,"a highly recommended place to stay. on one floor with a swimming pool, gym, and garden. and there's direct access to the mall
clean room, complete facilities. 
responsive owner
friendly and responsive apartment staff",Ciputra World The Via 3BR Garden & Pool View -130m
Devin,,Mei 2025,5.0,"This is not a brand new apartment, so yes, there are minor maintenance gaps. However, it's clean and everything works. It fits our purpose so we enjoyed our stay and will return here. Thank you Sherly!",Ciputra World The Via 3BR Garden & Pool View -130m
Indri,,April 2025,5.0,It was a pleasant stay for our family. Thanks for hosting us!,Ciputra World The Via 3BR Garden & Pool View -130m
Okky,,April 2025,5.0,"strategic unit location, level and close to public facilities. good view because you can see the beautiful garden direction. the apartment staff is friendly and helpful.. great experience♡",Ciputra World The Via 3BR Garden & Pool View -130m
Rajesh,,Agustus 2024,1.0,insects and wrong money minded,【JB City Suasana】Feel Like Home Getaway byⓗⓢ
Daryi,,Juni 2022,1.0,"The apartment was generally simple and ok when we first entered but we were very disappointed later upon seeing the grimy and dirty bathroom. It was unpleasantly wet when we first saw it. it seemed like a lame attempt was made to clean it earlier because it was wet when we arrived but unfortunately it still looked very dirty. it was very obvious that the bathroom  hasn't been cleaned up property for a long time, accumulated grime and dirt from previous usage of the bathroom remained. Toilet seat had stains from past usage and the shower stall looked grimy. Disgusting mold lined the edge of the bathroom sink area. The ground at the edge around the toilet bowl had very dirty brown stains lining it - looking like from accumulated urine stains. A pair of filthy looking wet bathroom slippers was also left behind, supposedly for guest use but really, it shouldn't be left there. 
The bedroom also had a clump of dirt and hair near the bedside table. 
These filthy sights in the apartment basically ruined our experience of what was an initial ok impression of the place. Will never go back again.",【JB City Suasana】Feel Like Home Getaway byⓗⓢ
Jiehuai,,September 2025,2.0,There was smell in the toilet and blankets. The shower drain was stuck making it flooded and unsightly. It was hard to bath too with the flood. The shampoo bottle spoilttoo. Definitely can do better to upkeep the place,【JB City Suasana】Feel Like Home Getaway byⓗⓢ
Malini,,Februari 2024,2.0,"I've stayed at suasanna suites 3x in the last year. Most of the apartments there are great because the location is great! but this apartment did not meet expectations. The bathroom was very very very smelly ): There was mould and water dripping from the toilet ceiling. The smell was SO strong when we walked in.. smelled like sewage ): After airing it, it was better.. but still very bad... there was also a few strands of hair on the bed. Normally I wouldn't mind some dirt and hair but coupled with the smell, it did not feel very clean ):",【JB City Suasana】Feel Like Home Getaway byⓗⓢ
伊芹cheng,,Mei 2023,2.0,"It's a bit troublesome to book when you book, you need to verify it. I didn't need any other listings I booked before, and the check-in information is incomplete.",【JB City Suasana】Feel Like Home Getaway byⓗⓢ
Hafina,,Oktober 2022,2.0,Thing to take note that the water from the toilet taps and shower head came out dirty like brownish colour.. we found it disgusting to shower in that kind of water. The only good thing about this Airbnb is the location.,【JB City Suasana】Feel Like Home Getaway byⓗⓢ
Hui Yin,,September 2025,3.0,"Great location near malls, easy check-in, and felt safe with a front desk. The apartment was clean and spacious for two. However, the shower drain was clogged, causing flooding of soapy water to the toilet area that took awhile to go away. Despite the host's quick response, the issue wasn't resolved during our stay. Hopefully it's fixed for future guests as there’s only one toilet.",【JB City Suasana】Feel Like Home Getaway byⓗⓢ
Chitra,,Januari 2025,3.0,"tv no local channels 
limited netflix 
remote control, mouse not so functional  so couldn't watch tv much 
toilet tiles dirty 
house was clean
there is sofa bed and 1 extra mattress 
walking distance from ciq, komtar
haidilao below is highly recommended to eat!
lepak corner, barber shop opposite 24hrs 
7eleven 24hrs below
swimming pool simple and nice
bars, restaurant below
host was responsive and helpful 
thank you for the stay",【JB City Suasana】Feel Like Home Getaway byⓗⓢ
Erinna,,Januari 2025,3.0,Stayed many times with Havona in all different units. This unit is okay.,【JB City Suasana】Feel Like Home Getaway byⓗⓢ
Italo,,Desember 2025,3.0,"Just stay for a night, well I’ll say it’s not as good as the photos, should do better cleaning with… like the sofa…",【JB City Suasana】Feel Like Home Getaway byⓗⓢ
Douglas,,November 2025,3.0,"Our stay was 4 days 3 night… Abit disappointing with the service as air-cons are not cold in both living room and bedroom at first.
Despite the maintenance done by technician, aircon in living room remains the same with no improvement at all. Thankfully there is a standing fan around to help circulate the living room to provide some coolness in the air.
Less the aircon, overall still pleasant experience with the nearby amenities.",【JB City Suasana】Feel Like Home Getaway byⓗⓢ
Haziq,,Oktober 2024,3.0,good,【JB City Suasana】Feel Like Home Getaway byⓗⓢ
Kah Ming,,Juni 2024,3.0,"suggest bring ur own toiletries 🌚there have nothing other than towel, toilet paper and hair dryer",【JB City Suasana】Feel Like Home Getaway byⓗⓢ
Say,,Maret 2024,3.0,Place is at a great location. All amenities can be used. Hosts were very responsive whenever I had problems.. but the toilet huhu.. can read what other people saying 😝 Super mouldy not just on the floor. I wonder how the mould get to the higher part of the wall. Haha bye,【JB City Suasana】Feel Like Home Getaway byⓗⓢ
Tamlyn,,Februari 2024,3.0,"Location was great. Komtar mall and city square were right across the road. Secure access with keycard although the lift sensors were sensitive enough. House was overall clean and well-kept. Pity that the bathroom ceiling was leaking constantly. One of the bedroom lights were flickering too. Thankfully, the standing lamp worked well. Bed and pillows were comfy. Living area spacious. Might consider staying here again. Hope the lights and ceiling get fixed well!",【JB City Suasana】Feel Like Home Getaway byⓗⓢ
Lynette,,Februari 2024,3.0,A fairly good place to stay.   A bit wear and tear was noticeable.only dislike was the moldy toilet ceiling,【JB City Suasana】Feel Like Home Getaway byⓗⓢ
Kornesh,,Desember 2021,3.0,Chose this place as this was rated super clean. We specifically requested the host to put extra care into ensuring the bedsheets are clean but was disappointed we checked in. They offered to change the bedsheets but we just went to IKEA and bought our own. And there was some stain on the sofa. All this ruined the experience for us.,【JB City Suasana】Feel Like Home Getaway byⓗⓢ
Farah,,Maret 2021,3.0,"The location is strategic and the place is nice. Just that, there’s no washing machine in the place and is at top floor. And the coin machine wasn’t working, hence we couldn’t wash our clothes as we stayed around 6 nights. Was hoping that it could be stated earlier. But overall, it was a nice and convenient place.",【JB City Suasana】Feel Like Home Getaway byⓗⓢ
Mabel,,September 2025,4.0,It was easy to check in and host was responsive! House was mostly clean and we had a comfortable sleep. The down side was that the bathroom shower's drainage was kind of clogged resulting to us not daring to use the shower.,【JB City Suasana】Feel Like Home Getaway byⓗⓢ
Yu Jia,,Agustus 2025,4.0,"location was great! We did have a couple of issues though—the TV was acting up at first but thankfully rebooted on its own after a while. The main problem was the bedroom aircon, wasn’t cold at all! My friends and I ended up sleeping in the living room on the sofa bed instead.",【JB City Suasana】Feel Like Home Getaway byⓗⓢ
HongWei,,Juni 2025,4.0,It's okay,【JB City Suasana】Feel Like Home Getaway byⓗⓢ
Heng,,Mei 2025,4.0,Very convenient place to buy some groceries.,【JB City Suasana】Feel Like Home Getaway byⓗⓢ
Karthik,,Maret 2025,4.0,The place was more or less as defined. it's definitely very spacious for studio apartment. Aircons worked well. Bathroom was clean. Mattress in good condition and clean. Only thing is the sofa and the red chair seemed dirty. was not clean enough. we felt little uncomfortable using them. otherwise everything else was well instructed and it was a nice stay.,【JB City Suasana】Feel Like Home Getaway byⓗⓢ
Honeyzz,,Agustus 2025,5.0,"very convenient, there is food everywhere.",【JB City Suasana】Feel Like Home Getaway byⓗⓢ
Ghufran,,Agustus 2025,5.0,"a nice place to stay, walking distance to malls and  easy to find a place to eat.",【JB City Suasana】Feel Like Home Getaway byⓗⓢ
Sulaiman,,Juli 2025,5.0,Value for money,【JB City Suasana】Feel Like Home Getaway byⓗⓢ
Jacob,,Juli 2025,5.0,Havona was fast to reply whenever I had issues such as door lock not working. They came down immediately and resolved it.,【JB City Suasana】Feel Like Home Getaway byⓗⓢ
Supriya,,Juli 2025,5.0,"Havona’s communication was impeccable from the start and their clear directions made the place very easy to find. It’s about a 5-10mins walk from CIQ and very convenient to get to Hai Di Lao, Din Tai Fung, H&M, etc. which are all within walking distance. Very near to KSL and other malls as well, we had a great time. Most of all the place was very clean and I wasn’t itchy while sleeping which has happened in some places where the sheets are old or dirty but this place was truly spotless and I felt right at home! Only feedback is that the Netflix on the TV was unfortunately not working (remote wouldn’t let me click the login button no matter how many times I tried for some reason) and unfortunately my HDMI cable was too big to fit as well which was the only let-down but apart from that, everything was perfect hence the 5 stars nonetheless - thank you Havona!",【JB City Suasana】Feel Like Home Getaway byⓗⓢ
Huai,,Juni 2025,5.0,"Place is spacious, toilet has bidet spray, check in is extremely easy, aircon is strong and location is perfect!",【JB City Suasana】Feel Like Home Getaway byⓗⓢ
Kwee Yong,,Juni 2025,5.0,Super convenient. Apartment was simple and sufficient. Fuss free.,【JB City Suasana】Feel Like Home Getaway byⓗⓢ
Wei Phang,,Juni 2025,5.0,Easy to check and and had a pleasant stay,【JB City Suasana】Feel Like Home Getaway byⓗⓢ
Mika,"Zürich, Switzerland",September 2024,1.0,"Bali Belly vom Hotel Restaurant! A lot of ants in the property, from sunrise the chickens around the property are very noisy, charge way too much for taxi back to the ferry ( 2x more than other taxi drivers), breakfast unloving, staff mostly very unfriendly.",Cute Little Gem 10 minutes to Crystal Bay Beach
Louis,,Juli 2023,1.0,"Listing does not match reality. 
The staff was kind and very helpful but the hotel says it is ""luxurious"" but is not luxurious at all:
- No hot water during our 4 days of presence. We made several complaints and the staff made us believe that they had brought a plumber: a lie (not the only one). Expect cold showers throughout your stay.
- On our 2nd day the cleaning was not done. We learned that we had to ask the staff, something that was not specified to us.
- The rooms are small and the deckchairs are glued to those of the neighbors.
- The food is not good and expensive.
- The hotel made us believe that they had planned a taxi to see the sunset, we waited more than 30 minutes in vain. We ended up walking there.
- The rates offered by the hotel for certain activities are cheaper elsewhere.",Cute Little Gem 10 minutes to Crystal Bay Beach
Oliver,,Agustus 2025,2.0,"Unfortunately whilst i stayed here i had some issues. A few were minor but then i woke up to ants all over my bedding. It was disgusting. I had compensation of a free taxi back to the harbour but that really put me off the place. The shower was not good what so ever, but i guess you get what you pay for so more fool me. Just be careful.",Cute Little Gem 10 minutes to Crystal Bay Beach
Simon,,Agustus 2024,2.0,"We had no water for 1.5 days. The staff were very friendly but could do nothing about this mess. The beds were very hard, so I would not come back.",Cute Little Gem 10 minutes to Crystal Bay Beach
Sascha,,Juli 2024,2.0,"Breakfast options are not clear and far too little!
The communication with the staff is an imposition. According to an employee, a taxi was reserved and we waited unnecessarily long for him to notice that a taxi was no longer coming. It was never reserved. Then he called a taxi that was twice as expensive as in Germany, allegedly the only thing that drove.
Rooms are nice and the pool is great for swimming.",Cute Little Gem 10 minutes to Crystal Bay Beach
Georgiana,,Desember 2023,2.0,"At Pradja it was all clean, impeccable. Unfortunately, there were two big problems. We wanted to leave after the first day. We didn't have the water, every day the owner apologized and said that the water would come right away, but we had to wait so we could take a shower, the toilet water was not pulled at all. None of the 4 days we were there. I was really dissatisfied here. And in connection with breakfast, bad skinny, from everything they have to choose one option and it's very little, you can't get enough. I don't recommend accommodation for more than one night. It's not worth the money.",Cute Little Gem 10 minutes to Crystal Bay Beach
Christie,,November 2023,2.0,"The shower was broken, the head dropped from the wall and caused me a cut on my head. The staff were helpful and accommodating at first allowing us to check in earlier. However the manager was misleading then unhelpful when needed due to this we stayed one night rather than two.",Cute Little Gem 10 minutes to Crystal Bay Beach
Alina,,Juni 2023,2.0,"Room is quite noisy. Breakfast is relatively little, and food is insufficiently prepared( e.g. pancake has been dirty in the middle). Although in the description that scooters can be borrowed, we did not get any, although the scooters and mottorad are registered in the International Driver's License. That's why we couldn't really do anything on the island, which was a shame. As a result, they left earlier than planned. Accommodation corresponds to the pictures and was very clean.",Cute Little Gem 10 minutes to Crystal Bay Beach
Yuanyuan,,April 2023,2.0,"No toothbrushes, toothpastes, no hair dryer. The experience is poor.",Cute Little Gem 10 minutes to Crystal Bay Beach
Mohak,,Maret 2023,2.0,"Komang was trying to make money from us.
He will just smile and try to make money always
if we ask for little bit things which should be included in the service he ask for the charges in that...
I would not recommend this place to anyone as the host was just looking for the money",Cute Little Gem 10 minutes to Crystal Bay Beach
Bacchewar,,Desember 2022,2.0,staff was not that good as per mention location was not as good when it rains all water comes inside the room,Cute Little Gem 10 minutes to Crystal Bay Beach
Rachel,"Raymore, Missouri",September 2025,3.0,If you book you just need to realize you aren’t in a tourist area. We are Americans so it was like camping compared to where we stayed in UBUD. It was maybe clean but looked like a cabin in the woods.,Cute Little Gem 10 minutes to Crystal Bay Beach
Mohammed,,Juni 2025,3.0,Somewhat disappointed,Cute Little Gem 10 minutes to Crystal Bay Beach
Hong Ni Connie,,Januari 2025,3.0,"We stayed for 1 night at the hotel. The view was good with a shared pool, the service was great. We got to rent a motorcycle from them. However, some amenities were missing such as hair dryer and refrigerator. 
Moreover, a bit bugs appeared in the shower room. The breakfast was just okay, with very simple choices. In general, the experience was okay.",Cute Little Gem 10 minutes to Crystal Bay Beach
Tanja,,Januari 2025,3.0,"Really cute little Airbnb! Staff was super nice and helpful! 
We did have to check out early though as we could not see from the pictures that it was an open bathroom - and theres a big gap in the bathroom door to the room.
The place is in the jungle which therefore means a lot of animals so that’s thing to note. Nothing against the Airbnb and if you’re up for that then I absolutely recommend!",Cute Little Gem 10 minutes to Crystal Bay Beach
Yanira,,November 2024,3.0,"Everything was very clean and the place is comfortable and beautiful.  But we didn't like our food, quite poor quality. The location is quite bad since it is very secluded and there is nothing close and difficult to access, but if it is what you are looking for it is perfect.",Cute Little Gem 10 minutes to Crystal Bay Beach
Mohit Kumar,,September 2024,3.0,"Place was Good , But The manager Maddy was Rude to us , He wasn’t helpful , Didn’t Listen to us, Made us Checkout in Hurry , Place was ok , But the Behaviour of him was Rude .",Cute Little Gem 10 minutes to Crystal Bay Beach
Arnika,,September 2024,3.0,Ok,Cute Little Gem 10 minutes to Crystal Bay Beach
Yasmin,,Juli 2024,3.0,"The place was very clean & the facility was well maintained.
However, there were some difficulties with the stay. At check-in, the key was handed over to us and shown the room. However, we were not given any times for the kitchen, which is why at 9:40pm we had to look for an alternative in the area to eat something.
The prices of the restaurant are also far more expensive than in the surrounding Warungs. 
Unfortunately, breakfast is missing the extra portion of love. Everything takes quite a long time and is served rather loveless (2 slices of toast with packed jam), it is definitely more possible :)
The scooter rental disappointed us. Were initially positively surprised that the property offers this, but we were provided with a scooter with a completely empty tank and two helmets whose closure was broken. These were only exchanged a little grumpy after being advised. Rather off the beaten path (down to Crystal Bay) and mosquitoes are ubiquitous!",Cute Little Gem 10 minutes to Crystal Bay Beach
Julian,,Mei 2024,3.0,"Overall, ok. 
Noisy construction site next door and bad streets. Everything very clairaudient.",Cute Little Gem 10 minutes to Crystal Bay Beach
Tim,,April 2024,3.0,"All in all, it was okay",Cute Little Gem 10 minutes to Crystal Bay Beach
Anna,,November 2023,3.0,"I think it is missing a face wash, the breakfast is very poor...that if the perfect amphition had an issue and I resolved it at the moment",Cute Little Gem 10 minutes to Crystal Bay Beach
Naomi,,Oktober 2023,3.0,We stayed here for three days. The place was clean and staff friendly. Crystal Beach is easily accessible by scooter.,Cute Little Gem 10 minutes to Crystal Bay Beach
Aneta,,September 2025,4.0,"Overall, the stay was nice, we were just disappointed with the quality of the restaurant at the accommodation and the door that did not close well.",Cute Little Gem 10 minutes to Crystal Bay Beach
Jada,,September 2025,4.0,"The space was so nice and clean. the staff was really nice and helpful… The only negative thing i would have to say is that the bed being next to the outdoor pool is not sound proof! I was laying in bed around 10pm and other guest were really loud in the pool, splashing around and playing music. it was really annoying considering i had to be up extremely early for a travel day. I did go to the lobby to find staff to mention this to them but no one was to be found. Besides that I really liked the place… it was just unfortunate other guests were not considerate of their surroundings.",Cute Little Gem 10 minutes to Crystal Bay Beach
Alizee,,Agustus 2025,4.0,Thanks,Cute Little Gem 10 minutes to Crystal Bay Beach
Dávid,,Juni 2025,4.0,This is the best price-value staying in Nusa Penida! We absolutely loved it! The stuff was very kind and helpful! The food was delicious the room was correct (as in the pictures). I suggest it with warm heart!,Cute Little Gem 10 minutes to Crystal Bay Beach
Kosta,,Juni 2025,4.0,"Beautiful small secluded apartment, in the middle of the jungle. The service staff were super nice! The communal pool was pretty cloudy!",Cute Little Gem 10 minutes to Crystal Bay Beach
Jenny,,April 2025,4.0,"The staff was very friendly. Aris is a Star. ⭐ 
The Room was really specious and clean. 
The breakfast would need a little upgrade. 
Other than that, very cute place to be.",Cute Little Gem 10 minutes to Crystal Bay Beach
Maria,,September 2025,5.0,The workers are very attentive and friendly. We felt very welcome!,Cute Little Gem 10 minutes to Crystal Bay Beach
Kim,,September 2025,5.0,"Excellent stay, clean and impeccable room.
On the other hand, not much around the hotel. It is imperative to have a means of transport.
The hotel restaurant is very good.
I recommend Aris, the hotel driver, for trips or visits. Very nice and funny 😉",Cute Little Gem 10 minutes to Crystal Bay Beach
Andreas,,Juni 2025,5.0,"Great place to stay, just to recommend",Cute Little Gem 10 minutes to Crystal Bay Beach
Laia,,Juni 2025,5.0,"A great stay, the staff is very friendly and helpful. We were very comfortable. We would definitely come back",Cute Little Gem 10 minutes to Crystal Bay Beach
Muhammad,,Juni 2025,5.0,Everything was amazing,Cute Little Gem 10 minutes to Crystal Bay Beach
Trang Min,,Mei 2025,5.0,I had a great experience here. I got the break room true to the advertisement picture. The staff are very friendly. The price of the room was very good compared to the experience I got back,Cute Little Gem 10 minutes to Crystal Bay Beach
Rutwik,,Mei 2025,5.0,"Fabulous place to stay! It's a one-stop shop for everything Nusa Penida. They have a car which picks you up from the port, they organise day trips for you, and have an amazing restaurant. Special shout-out to Aris who showed us around. Would definitely recommend :)",Cute Little Gem 10 minutes to Crystal Bay Beach
Armani,"San Diego, California",September 2025,1.0,So the tile in the room is not slip resistant as you should use when you have a pool. My wife fell and hurt her shoulder very bad. We asked for towels to set on floor on the host did not like we asked for more towels than usual. Host never asked how she was or offered any help. No relief gel not even ice. Never checked up on us. The place at night is extremely noisy. Between chickens cows birds and a barking dog I think o slept like 2 hours. The a/c barley worked. Just the worst experience we have ever had anywhere. Staff was a little bit more responsive but when the host called him after reporting the problem the attitude totally changed. We asked the neighbors and all of them confirmed the floor was very slippery. I’ve been working in construction for 20 years and the non slippery tile obviously is more expensive so this guy cheaped out.  That floor is dangerous. And they just neglected any help or anything.,3 Minutes Walking to Kelingking Beach
Rahul,,Agustus 2025,1.0,Not worth,3 Minutes Walking to Kelingking Beach
Aldin,,Juli 2025,1.0,"Unfortunately, this accommodation in Nusa Penida was a total disaster. Breakfast that can only give you a stomachache. When trying to rent a scooter, they gave us an empty scooter and told us to go refuel ourselves. At the reception, there are always little girls who barely understand and speak English, so communication is via Google Translate and when they call the ""boss.""  The bed linen had stains.  We felt so uncomfortable that we even left the day before!",3 Minutes Walking to Kelingking Beach
Mustafa,"Antalya, Türkiye",Juni 2025,1.0,"Rude and treating me ı domt like this house ac was leaking and location is so deep in the forest u can just se kelinfgang beach thad it
",3 Minutes Walking to Kelingking Beach
Sofian,,Mei 2025,1.0,"The room was nice, but the toilet didn't work and it felt like we were staying in a construction area",3 Minutes Walking to Kelingking Beach
Jovis Tak,"San Francisco, California",September 2025,2.0,"Host was quite slow in responding. Staff seems very unhappy working there and didnt clean our room for 3 days.  Bathroom is old and rustic.
Big high steps to get down to the villa, terrible for your knees.",3 Minutes Walking to Kelingking Beach
Julian,,Agustus 2025,2.0,"The host was super nice and Kelingking beach was very close, also the pool was very nice.
However, we were only able to sleep for 2 hours because of the screaming chickens all night, there was a screaming gecko in our roof that we couldn't find, and the 2 lights on the ceiling stayed on. The door also does not close completely, so in the morning we saw the largest spider we have ever seen on our nightstand.
It is a great stay for 1 night, but if you want to stay longer, I recommend bringing earplugs and a sleeping mask.",3 Minutes Walking to Kelingking Beach
Gévithan,,Juni 2025,2.0,"Host was very responsive.
But the hostesses were rude and unhelpful.
We did not appreciate the condition of the accommodation between stains on the sheets and dirt...",3 Minutes Walking to Kelingking Beach
Cassiano,"San Diego, California",Mei 2025,2.0,"The room felt outdated, with a noisy bed and a straw roof that let in bird sounds, so light sleepers beware. The shower’s spray setting was either scalding hot or cold, with hot lasting only 1-2 minutes. Breakfast was disappointing—omelets and sandwiches were far from the photos and barely edible.
The biggest issue was the rental scooter breaking down. The host blamed me, claiming the road wasn’t suitable, but I saw dozens scooters there. The scooter wouldn’t turn on, despite working fine the previous day. The host sent a Tow truck to pick us up but later demanded I pay 250KR for towing and 150KR for repairs. After arguing, I paid the towing fee to avoid haggling but ended up still missing a snorkeling trip due to him demanding I pay for these fees, which ruined my last day!, but I also shouldn’t have had to pay anything.
The location is walkable to beautiful Kelingking Beach, which drew us here, but I wouldn’t stay again. Skip the scooters and eat elsewhere if you decide to stay.",3 Minutes Walking to Kelingking Beach
Jennifer,,Maret 2025,2.0,"Disappointing value for money & poor communication
Unfortunately, we were very disappointed with us. Communication was bad – we were promised an inclusive breakfast and afterwards they wanted to charge for half the breakfast. The food was of inferior quality, overpriced and the portions were much too small. We were also not satisfied with the surroundings. There were no good restaurants or places to stay longer except the famous Kelingking view point.
The organization of our speedboat tour was also chaotic: The contact person was rude, did not help with the luggage and booked us on much later trips without agreement. Overall, you had the feeling that it was more about the money than the service. Unfortunately not recommended!",3 Minutes Walking to Kelingking Beach
Charline,,September 2025,3.0,"beautiful pool, but unfortunately not a satisfactory room. Bed was not quite clean and the bathroom could also be a little renewed. The contact was very sweet and hassle-free. Great location on Kelingking Beach!",3 Minutes Walking to Kelingking Beach
Stefan,,September 2025,3.0,"In itself a very good location right on the beach, but we arrived and it was a room where you hardly had space and a not so clean bathroom is available. We arrived and the room had a very big fly problem. We had to remove these flies first.  Breakfast was also not the best, the pancakes were not cooked through. 
If you ask nicely at the reception, the in-house taxi service is highly recommended. Despite bad roads, he drove like a luxury chauffeur wherever you wanted to go on the islands.  Communication with the driver also went smoothly. Really a great service. We would give 5 stars for the driver, but the hotel pulls the rating down.",3 Minutes Walking to Kelingking Beach
Érica,,Juli 2025,3.0,"The experience in the hotel was good, the pool is really nice, and we were comfortable.",3 Minutes Walking to Kelingking Beach
Joshua,"Honolulu, Hawaii",Juni 2025,3.0,"Location is perfect for those who want to be in 2 min walking distance from Kelingking Beach! Prime location for the activity. We were able to check it out for a gorgeous sunset and beat the crowd in the morning for the sunrise. The area itself is very rural, make sure to bring cash!!! To our surprise there was a money exchange booth by the beach that accepted cash only for exchange which saved us. The hotel was very peaceful and quiet. Do not expect much from the area as it is very rural and limited with regard to a lot of things to do, other than see Kelingking. Enough home-run cafes. The AirBnb itself served the purpose, however the sheets could have been fresher and the hot water ran for about 2 min. Other than that we think it was a good choice and we enjoyed Kelingking to the fullest.",3 Minutes Walking to Kelingking Beach
Roxanne,,Mei 2025,3.0,"A good location right near Kelingking beach, however the lock to our door didn’t work and it needs updating",3 Minutes Walking to Kelingking Beach
Annie,,April 2025,3.0,The accommodation itself was great but there was a small hole in the ceiling that made birds come in which we did not appreciate. Our room had springs and branches. Got an offer to change rooms but the same problem there with also bird poo on the duvet.  That's why we chose to change homes. But the area was good and the listing matched the pictures.,3 Minutes Walking to Kelingking Beach
Jan,,Maret 2025,3.0,"It would be advisable to invest a little in the property, not done and neglected at the same time",3 Minutes Walking to Kelingking Beach
Laura,,Februari 2025,3.0,"The transfer to the accommodation was organized for us by the host and we were able to pay by card. Rooms were clean and the bed was comfortable. However, in front of the rooms is a large construction site for a pool. When it is finished, it will certainly be nice. Until then, it is unfortunately noisy & the view is accordingly. We stayed one night to be at Kelingking Beach, but the location was unbeatable.  But everyone was super friendly at the place and there was even a small breakfast:) But yes, a construction site should of course be mentioned:/ But for our short stay it was fine now:)",3 Minutes Walking to Kelingking Beach
Ridge,,Februari 2025,3.0,The staff were very friendly and kind,3 Minutes Walking to Kelingking Beach
Vanessa Martina,,September 2025,4.0,"We were happy with the place. It was only a few meters walk to the Kelingking. The complex was small and very nicely designed. Unfortunately, the food was a negative point. Of course, it's always a matter of taste, but for us the food was not good. 
Otherwise, it was a great 2 nights. Depending on what you want to experience... sufficient for us :)",3 Minutes Walking to Kelingking Beach
Joel,,September 2025,4.0,"The location was great, within walking distance to Kelingking Beach, has several very good restaurants and warungs nearby. Accommodation number 1 is a bit outdated, especially the bathroom needs renovation",3 Minutes Walking to Kelingking Beach
Rachel,,Juli 2025,4.0,We were welcomed at the port with a friendly driver who took us directly to our accommodation which took 45 minutes. It was very clean and spacious. The staff were very helpful and friendly and they organized us tours and trips around the island. The location was great as it is walking distance to  Kelingking cliff and the sunset there is incredible.,3 Minutes Walking to Kelingking Beach
Chloée,,Juni 2025,4.0,"Very warm welcome, friendly and smiling staff. Clean and tidy accommodation, identical to the pictures. We arrived early and everything was ready. Good breakfast but not sure if the ice cubes are drinking water. Very busy night with the noise of roosters and geckos, but it's not their fault. Music in the morning from 6 a.m. is disturbing if you are in the accommodation near the reception. Overall we didn't stay there and we had a nice stay.",3 Minutes Walking to Kelingking Beach
Mia,"Whitefish, Montana",Maret 2025,4.0,"Great place to stay if you are wanting to visit Kelingking beach. About a 5 minute walk to the beach overlook. From Banjar Nyuh harbor it’s a 45 minute scooter ride, half on rough dirt roads with extreme potholes (not a fun ride). The place was clean, worth what we paid for. There is pool construction during the day so be aware of that. The host was super responsive and helped with us booking all our fast boat rides which made things easy for us. I personally would not spend more than two nights here because of lack of access to things. Minimal and mid-restaurants. Don’t go to diamond beach, you cannot even swim and a tourist trap. But if you do, do NOT pay for anything (parking, ticket). It’s all a scam. Also do not eat the included breakfast at this accommodation. It’s not good (no offense). We enjoyed “Melt Cafe” about 5 minutes up the road. Also we recommend (if you are fit) to head down to Kelingking beach for sunset and a swim (be careful swimming!). Thank you for the stay!",3 Minutes Walking to Kelingking Beach
Veysel,Famagusta,Januari 2025,4.0,"The place is very close to Kelingking beach as a location, so we booked it, there are restaurants around where you can eat good, there is not much to do in the evening. Nice location for those who want to see Kelingking beach early in the morning.",3 Minutes Walking to Kelingking Beach
Alina,,September 2025,5.0,"Positive: nice location, 5 minutes from famous view. The breakfast was included. Nice staff. The room was clean and large.
Negative: faucet at the sink was not stable and leaking, very much in need of renovation. Sudden strange loud noise in the room (something like that can be really scary).",3 Minutes Walking to Kelingking Beach
Kyle,,September 2025,5.0,"We had a wonderful stay! The place was clean, comfortable, and exactly as described. The host was very welcoming and helpful, making check-in smooth and easy. The location was perfect—close to great restaurants, beaches, and attractions, but still quiet enough to relax. Would definitely stay here again and recommend it to anyone visiting KelingKing Beach
",3 Minutes Walking to Kelingking Beach
Francesco Grispo,,Agustus 2025,5.0,"A place worth booking.
The proximity to the point of interest allows you to enjoy it to the fullest.",3 Minutes Walking to Kelingking Beach
Giulia,,Agustus 2025,5.0,"Very nice place five minutes from Kelingking Beach, super helpful staff, they booked the ferry, arranged the transfer to/from the port and rented a scooter. Breakfast is excellent and you can have it in a very wide time slot. There is a beautiful swimming pool from which you can enjoy a wonderful sunset. In the evening, the peace is incredible, but there are still several excellent restaurants in the area.",3 Minutes Walking to Kelingking Beach
Catherine,,Agustus 2025,5.0,We really enjoyed our stay here! It was in a perfect location for seeing the Kelingking beach views - we stayed for 3 nights and got to see it before the crowds in the morning and saw it at sunset a few times! I Made also organised a snorkeling trip for us and transfers to and from the snorkel beach. We saw some huge manta rays which was probably one of the highlights of our travels! highly recommend :),3 Minutes Walking to Kelingking Beach
Camille,,Juli 2025,5.0,"Very Comfortable, Clean, and safe stay.
The host was very reactive and helpfull. 
The location is very nice.
Same as the manager which was very kind!!
Especially on our way back when he arranged us a shuttle!! thanks a lot again!
Services:
- Possibility to arrange shuttle to Harbour or reverse
- Arrange boat tickets 
- To book Tours
- Swimming Pool very clean
Location: 
- 2mins by walk from the main attraction beach very Nice point that I need to highlight
Nevertheless 2 things to improve:
- the bathroom could be renovated a bit on the last bedroom (shower filter/floor)
- The main plate of the breakfast included
Thanks again for Hosting.",3 Minutes Walking to Kelingking Beach
Jaysilyn,"Provo,Utah",Juli 2025,5.0,"If you’re looking to stay right by KelingKing this is the best spot ever!! We went and saw it for sunset and sunrise and it’s a very quick walk. 
They have scooter parking, the host is very friendly and helpful. And they had great food and drinks as well. The view is beautiful and you have privacy! 
Would absolutely stay here again if I was going to this island.",3 Minutes Walking to Kelingking Beach
Tony,,Juni 2025,5.0,Lovely stay! Tranquil…the stay was good for the night! Peaceful & seren,3 Minutes Walking to Kelingking Beach
Mary,"Seattle, Washington",Mei 2025,5.0,"Place is clean and looked like the photos. Pool was great. The host is friendly and responsive and helped with booking transportation. Location is ideal, less than a 10 min walk to Kelingking beach. I’d stay here again!
",3 Minutes Walking to Kelingking Beach
Fabio,,Januari 2025,5.0,Beautiful place to go for an adventure that can be comfortable but also wild!,3 Minutes Walking to Kelingking Beach
